Date;Price
03/12/2025;1.844,61
03/11/2025;1.922,28
03/10/2025;1.864,40
03/09/2025;2.019,89
03/08/2025;2.203,59
03/07/2025;2.141,17
03/06/2025;2.202,39
03/05/2025;2.241,65
03/04/2025;2.170,29
03/03/2025;2.149,11
03/02/2025;2.518,17
03/01/2025;2.217,53
02/28/2025;2.236,41
02/27/2025;2.307,73
02/26/2025;2.337,98
02/25/2025;2.496,06
02/24/2025;2.510,94
02/23/2025;2.819,69
02/22/2025;2.763,23
02/21/2025;2.662,35
02/20/2025;2.738,03
02/19/2025;2.716,16
02/18/2025;2.671,36
02/17/2025;2.743,47
02/16/2025;2.662,80
02/15/2025;2.693,40
02/14/2025;2.725,51
02/13/2025;2.675,30
02/12/2025;2.735,91
02/11/2025;2.603,11
02/10/2025;2.661,00
02/09/2025;2.628,27
02/08/2025;2.631,56
02/07/2025;2.622,81
02/06/2025;2.688,28
02/05/2025;2.785,62
02/04/2025;2.731,76
02/03/2025;2.881,90
02/02/2025;2.869,75
02/01/2025;3.119,13
01/31/2025;3.298,69
01/30/2025;3.247,22
01/29/2025;3.113,26
01/28/2025;3.077,83
01/27/2025;3.179,47
01/26/2025;3.234,18
01/25/2025;3.318,14
01/24/2025;3.311,05
01/23/2025;3.338,37
01/22/2025;3.242,60
01/21/2025;3.328,30
01/20/2025;3.282,68
01/19/2025;3.216,74
01/18/2025;3.308,74
01/17/2025;3.472,84
01/16/2025;3.307,00
01/15/2025;3.450,79
01/14/2025;3.224,06
01/13/2025;3.137,73
01/12/2025;3.267,30
01/11/2025;3.283,57
01/10/2025;3.267,08
01/09/2025;3.218,15
01/08/2025;3.327,14
01/07/2025;3.380,56
01/06/2025;3.687,75
01/05/2025;3.635,11
01/04/2025;3.656,13
01/03/2025;3.608,79
01/02/2025;3.455,19
01/01/2025;3.360,14
12/31/2024;3.337,80
12/30/2024;3.361,99
12/29/2024;3.355,97
12/28/2024;3.404,59
12/27/2024;3.334,19
12/26/2024;3.335,96
12/25/2024;3.496,49
12/24/2024;3.493,31
12/23/2024;3.422,01
12/22/2024;3.281,58
12/21/2024;3.338,66
12/20/2024;3.474,01
12/19/2024;3.418,84
12/18/2024;3.627,88
12/17/2024;3.892,79
12/16/2024;3.986,91
12/15/2024;3.959,81
12/14/2024;3.871,13
12/13/2024;3.909,48
12/12/2024;3.881,63
12/11/2024;3.831,41
12/10/2024;3.628,94
12/09/2024;3.718,98
12/08/2024;4.002,91
12/07/2024;3.996,24
12/06/2024;3.999,51
12/05/2024;3.785,10
12/04/2024;3.836,25
12/03/2024;3.615,07
12/02/2024;3.643,48
12/01/2024;3.708,33
11/30/2024;3.702,97
11/29/2024;3.592,13
11/28/2024;3.578,41
11/27/2024;3.653,79
11/26/2024;3.326,30
11/25/2024;3.412,18
11/24/2024;3.361,41
11/23/2024;3.393,91
11/22/2024;3.327,77
11/21/2024;3.356,43
11/20/2024;3.069,72
11/19/2024;3.105,97
11/18/2024;3.207,46
11/17/2024;3.075,42
11/16/2024;3.132,00
11/15/2024;3.089,45
11/14/2024;3.058,22
11/13/2024;3.187,02
11/12/2024;3.242,44
11/11/2024;3.372,13
11/10/2024;3.186,05
11/09/2024;3.127,69
11/08/2024;2.961,34
11/07/2024;2.894,13
11/06/2024;2.721,85
11/05/2024;2.422,50
11/04/2024;2.398,95
11/03/2024;2.457,68
11/02/2024;2.492,45
11/01/2024;2.511,96
10/31/2024;2.519,14
10/30/2024;2.658,62
10/29/2024;2.638,64
10/28/2024;2.567,41
10/27/2024;2.507,39
10/26/2024;2.482,52
10/25/2024;2.441,18
10/24/2024;2.535,87
10/23/2024;2.526,10
10/22/2024;2.621,79
10/21/2024;2.666,66
10/20/2024;2.747,28
10/19/2024;2.647,39
10/18/2024;2.641,72
10/17/2024;2.605,53
10/16/2024;2.611,09
10/15/2024;2.607,84
10/14/2024;2.630,54
10/13/2024;2.468,92
10/12/2024;2.476,48
10/11/2024;2.436,73
10/10/2024;2.385,40
10/09/2024;2.370,13
10/08/2024;2.440,93
10/07/2024;2.422,75
10/06/2024;2.440,33
10/05/2024;2.414,98
10/04/2024;2.414,43
10/03/2024;2.349,67
10/02/2024;2.365,57
10/01/2024;2.449,67
09/30/2024;2.603,48
09/29/2024;2.657,67
09/28/2024;2.675,71
09/27/2024;2.694,53
09/26/2024;2.632,05
09/25/2024;2.580,34
09/24/2024;2.652,50
09/23/2024;2.647,65
09/22/2024;2.582,35
09/21/2024;2.613,35
09/20/2024;2.561,79
09/19/2024;2.464,49
09/18/2024;2.372,18
09/17/2024;2.341,82
09/16/2024;2.295,72
09/15/2024;2.317,04
09/14/2024;2.417,56
09/13/2024;2.440,12
09/12/2024;2.361,79
09/11/2024;2.340,19
09/10/2024;2.387,71
09/09/2024;2.359,60
09/08/2024;2.296,19
09/07/2024;2.274,87
09/06/2024;2.225,72
09/05/2024;2.369,18
09/04/2024;2.450,18
09/03/2024;2.423,40
09/02/2024;2.538,35
09/01/2024;2.427,49
08/31/2024;2.513,56
08/30/2024;2.525,45
08/29/2024;2.528,72
08/28/2024;2.527,73
08/27/2024;2.457,99
08/26/2024;2.680,30
08/25/2024;2.747,99
08/24/2024;2.768,49
08/23/2024;2.762,86
08/22/2024;2.623,06
08/21/2024;2.630,67
08/20/2024;2.572,90
08/19/2024;2.637,10
08/18/2024;2.612,10
08/17/2024;2.614,35
08/16/2024;2.592,38
08/15/2024;2.569,44
08/14/2024;2.662,95
08/13/2024;2.702,95
08/12/2024;2.722,64
08/11/2024;2.553,57
08/10/2024;2.610,24
08/09/2024;2.598,90
08/08/2024;2.683,84
08/07/2024;2.337,83
08/06/2024;2.461,92
08/05/2024;2.415,99
08/04/2024;2.688,55
08/03/2024;2.904,59
08/02/2024;2.990,32
08/01/2024;3.204,93
07/31/2024;3.231,84
07/30/2024;3.278,94
07/29/2024;3.318,24
07/28/2024;3.270,32
07/27/2024;3.247,06
07/26/2024;3.275,12
07/25/2024;3.175,52
07/24/2024;3.335,33
07/23/2024;3.482,54
07/22/2024;3.440,01
07/21/2024;3.535,55
07/20/2024;3.517,04
07/19/2024;3.504,42
07/18/2024;3.425,94
07/17/2024;3.387,81
07/16/2024;3.442,99
07/15/2024;3.484,78
07/14/2024;3.243,50
07/13/2024;3.175,10
07/12/2024;3.133,33
07/11/2024;3.099,82
07/10/2024;3.101,17
07/09/2024;3.065,11
07/08/2024;3.019,64
07/07/2024;2.930,48
07/06/2024;3.068,79
07/05/2024;2.981,40
07/04/2024;3.057,81
07/03/2024;3.295,13
07/02/2024;3.421,71
07/01/2024;3.442,67
06/30/2024;3.437,84
06/29/2024;3.378,60
06/28/2024;3.380,15
06/27/2024;3.450,45
06/26/2024;3.370,72
06/25/2024;3.395,03
06/24/2024;3.352,29
06/23/2024;3.420,84
06/22/2024;3.495,87
06/21/2024;3.518,03
06/20/2024;3.512,91
06/19/2024;3.561,30
06/18/2024;3.484,55
06/17/2024;3.511,52
06/16/2024;3.625,11
06/15/2024;3.568,72
06/14/2024;3.481,84
06/13/2024;3.470,15
06/12/2024;3.559,95
06/11/2024;3.498,00
06/10/2024;3.667,85
06/09/2024;3.706,32
06/08/2024;3.681,59
06/07/2024;3.678,37
06/06/2024;3.812,95
06/05/2024;3.865,14
06/04/2024;3.810,35
06/03/2024;3.767,10
06/02/2024;3.782,08
06/01/2024;3.815,95
05/31/2024;3.762,66
05/30/2024;3.747,55
05/29/2024;3.769,57
05/28/2024;3.845,56
05/27/2024;3.894,33
05/26/2024;3.826,02
05/25/2024;3.749,28
05/24/2024;3.728,21
05/23/2024;3.785,65
05/22/2024;3.739,08
05/21/2024;3.790,46
05/20/2024;3.661,07
05/19/2024;3.072,08
05/18/2024;3.122,87
05/17/2024;3.092,75
05/16/2024;2.944,99
05/15/2024;3.034,71
05/14/2024;2.881,99
05/13/2024;2.951,01
05/12/2024;2.929,35
05/11/2024;2.912,56
05/10/2024;2.909,86
05/09/2024;3.036,32
05/08/2024;2.974,94
05/07/2024;3.006,36
05/06/2024;3.062,03
05/05/2024;3.136,40
05/04/2024;3.117,23
05/03/2024;3.102,25
05/02/2024;2.987,12
05/01/2024;2.973,27
04/30/2024;3.014,41
04/29/2024;3.216,29
04/28/2024;3.261,69
04/27/2024;3.255,57
04/26/2024;3.130,90
04/25/2024;3.155,83
04/24/2024;3.141,03
04/23/2024;3.220,13
04/22/2024;3.200,62
04/21/2024;3.147,83
04/20/2024;3.156,63
04/19/2024;3.056,23
04/18/2024;3.064,48
04/17/2024;2.985,82
04/16/2024;3.083,43
04/15/2024;3.100,94
04/14/2024;3.152,65
04/13/2024;3.004,44
04/12/2024;3.239,86
04/11/2024;3.502,55
04/10/2024;3.545,16
04/09/2024;3.506,96
04/08/2024;3.694,93
04/07/2024;3.454,17
04/06/2024;3.352,03
04/05/2024;3.317,84
04/04/2024;3.327,45
04/03/2024;3.310,62
04/02/2024;3.277,99
04/01/2024;3.502,82
03/31/2024;3.647,09
03/30/2024;3.506,83
03/29/2024;3.509,76
03/28/2024;3.559,43
03/27/2024;3.500,43
03/26/2024;3.587,50
03/25/2024;3.590,62
03/24/2024;3.455,33
03/23/2024;3.332,90
03/22/2024;3.334,12
03/21/2024;3.493,23
03/20/2024;3.514,73
03/19/2024;3.165,20
03/18/2024;3.520,30
03/17/2024;3.644,78
03/16/2024;3.523,68
03/15/2024;3.741,12
03/14/2024;3.883,94
03/13/2024;4.004,29
03/12/2024;3.979,30
03/11/2024;4.065,02
03/10/2024;3.878,47
03/09/2024;3.905,17
03/08/2024;3.883,20
03/07/2024;3.869,69
03/06/2024;3.814,56
03/05/2024;3.556,03
03/04/2024;3.626,34
03/03/2024;3.488,67
03/02/2024;3.420,64
03/01/2024;3.433,51
02/29/2024;3.339,26
02/28/2024;3.383,03
02/27/2024;3.242,14
02/26/2024;3.175,94
02/25/2024;3.112,59
02/24/2024;2.992,29
02/23/2024;2.922,24
02/22/2024;2.972,46
02/21/2024;2.971,18
02/20/2024;3.015,38
02/19/2024;2.944,80
02/18/2024;2.880,10
02/17/2024;2.785,90
02/16/2024;2.801,80
02/15/2024;2.822,59
02/14/2024;2.775,12
02/13/2024;2.640,10
02/12/2024;2.657,87
02/11/2024;2.506,69
02/10/2024;2.500,28
02/09/2024;2.486,24
02/08/2024;2.419,56
02/07/2024;2.424,64
02/06/2024;2.372,65
02/05/2024;2.301,83
02/04/2024;2.289,78
02/03/2024;2.296,50
02/02/2024;2.309,28
02/01/2024;2.304,28
01/31/2024;2.283,14
01/30/2024;2.343,11
01/29/2024;2.317,79
01/28/2024;2.256,92
01/27/2024;2.267,91
01/26/2024;2.267,55
01/25/2024;2.217,71
01/24/2024;2.234,64
01/23/2024;2.243,74
01/22/2024;2.313,64
01/21/2024;2.457,06
01/20/2024;2.472,03
01/19/2024;2.491,81
01/18/2024;2.469,77
01/17/2024;2.531,26
01/16/2024;2.588,64
01/15/2024;2.511,94
01/14/2024;2.473,96
01/13/2024;2.578,36
01/12/2024;2.523,98
01/11/2024;2.618,08
01/10/2024;2.581,79
01/09/2024;2.344,67
01/08/2024;2.330,98
01/07/2024;2.221,40
01/06/2024;2.240,49
01/05/2024;2.268,12
01/04/2024;2.267,27
01/03/2024;2.209,49
01/02/2024;2.355,27
01/01/2024;2.352,03
12/31/2023;2.281,90
12/30/2023;2.291,70
12/29/2023;2.299,24
12/28/2023;2.344,47
12/27/2023;2.378,63
12/26/2023;2.230,74
12/25/2023;2.271,38
12/24/2023;2.263,57
12/23/2023;2.308,61
12/22/2023;2.324,23
12/21/2023;2.239,62
12/20/2023;2.202,19
12/19/2023;2.177,44
12/18/2023;2.218,80
12/17/2023;2.197,04
12/16/2023;2.229,07
12/15/2023;2.220,41
12/14/2023;2.315,64
12/13/2023;2.260,18
12/12/2023;2.203,49
12/11/2023;2.225,34
12/10/2023;2.352,26
12/09/2023;2.340,55
12/08/2023;2.358,42
12/07/2023;2.355,80
12/06/2023;2.233,45
12/05/2023;2.293,34
12/04/2023;2.243,54
12/03/2023;2.192,79
12/02/2023;2.164,79
12/01/2023;2.087,21
11/30/2023;2.051,56
11/29/2023;2.028,99
11/28/2023;2.048,47
11/27/2023;2.027,51
11/26/2023;2.062,64
11/25/2023;2.083,09
11/24/2023;2.080,62
11/23/2023;2.061,92
11/22/2023;2.063,05
11/21/2023;1.934,62
11/20/2023;2.021,49
11/19/2023;2.011,01
11/18/2023;1.961,72
11/17/2023;1.960,80
11/16/2023;1.961,76
11/15/2023;2.058,93
11/14/2023;1.979,10
11/13/2023;2.054,18
11/12/2023;2.044,61
11/11/2023;2.053,42
11/10/2023;2.077,78
11/09/2023;2.120,16
11/08/2023;1.889,29
11/07/2023;1.885,97
11/06/2023;1.900,98
11/05/2023;1.892,36
11/04/2023;1.855,72
11/03/2023;1.832,29
11/02/2023;1.800,27
11/01/2023;1.846,60
10/31/2023;1.815,13
10/30/2023;1.809,05
10/29/2023;1.794,96
10/28/2023;1.776,21
10/27/2023;1.779,54
10/26/2023;1.803,13
10/25/2023;1.787,00
10/24/2023;1.784,88
10/23/2023;1.763,75
10/22/2023;1.663,35
10/21/2023;1.628,94
10/20/2023;1.603,89
10/19/2023;1.566,79
10/18/2023;1.563,43
10/17/2023;1.564,99
10/16/2023;1.599,48
10/15/2023;1.557,66
10/14/2023;1.554,96
10/13/2023;1.552,17
10/12/2023;1.539,70
10/11/2023;1.566,88
10/10/2023;1.567,60
10/09/2023;1.579,74
10/08/2023;1.632,85
10/07/2023;1.633,58
10/06/2023;1.645,62
10/05/2023;1.611,58
10/04/2023;1.647,05
10/03/2023;1.656,88
10/02/2023;1.662,79
10/01/2023;1.732,89
09/30/2023;1.670,92
09/29/2023;1.667,72
09/28/2023;1.652,89
09/27/2023;1.598,49
09/26/2023;1.594,04
09/25/2023;1.588,62
09/24/2023;1.580,55
09/23/2023;1.593,89
09/22/2023;1.593,10
09/21/2023;1.584,03
09/20/2023;1.622,28
09/19/2023;1.643,08
09/18/2023;1.636,92
09/17/2023;1.622,65
09/16/2023;1.634,41
09/15/2023;1.641,31
09/14/2023;1.626,49
09/13/2023;1.607,63
09/12/2023;1.592,50
09/11/2023;1.551,89
09/10/2023;1.617,44
09/09/2023;1.635,56
09/08/2023;1.636,45
09/07/2023;1.648,09
09/06/2023;1.633,18
09/05/2023;1.634,46
09/04/2023;1.630,51
09/03/2023;1.635,85
09/02/2023;1.637,05
09/01/2023;1.629,00
08/31/2023;1.645,82
08/30/2023;1.705,22
08/29/2023;1.729,69
08/28/2023;1.653,22
08/27/2023;1.658,33
08/26/2023;1.647,05
08/25/2023;1.653,74
08/24/2023;1.660,89
08/23/2023;1.679,93
08/22/2023;1.634,29
08/21/2023;1.667,60
08/20/2023;1.685,24
08/19/2023;1.669,67
08/18/2023;1.661,26
08/17/2023;1.683,89
08/16/2023;1.807,81
08/15/2023;1.828,98
08/14/2023;1.845,51
08/13/2023;1.840,73
08/12/2023;1.849,94
08/11/2023;1.848,88
08/10/2023;1.852,46
08/09/2023;1.855,36
08/08/2023;1.856,24
08/07/2023;1.829,11
08/06/2023;1.830,28
08/05/2023;1.836,48
08/04/2023;1.830,24
08/03/2023;1.835,98
08/02/2023;1.840,21
08/01/2023;1.874,21
07/31/2023;1.856,17
07/30/2023;1.861,81
07/29/2023;1.880,55
07/28/2023;1.874,23
07/27/2023;1.861,32
07/26/2023;1.872,00
07/25/2023;1.857,67
07/24/2023;1.850,04
07/23/2023;1.888,85
07/22/2023;1.866,25
07/21/2023;1.891,75
07/20/2023;1.891,23
07/19/2023;1.888,65
07/18/2023;1.897,58
07/17/2023;1.911,24
07/16/2023;1.922,45
07/15/2023;1.931,42
07/14/2023;1.938,05
07/13/2023;2.004,77
07/12/2023;1.871,86
07/11/2023;1.878,33
07/10/2023;1.880,42
07/09/2023;1.862,91
07/08/2023;1.865,28
07/07/2023;1.870,92
07/06/2023;1.848,36
07/05/2023;1.910,43
07/04/2023;1.936,19
07/03/2023;1.955,56
07/02/2023;1.937,57
07/01/2023;1.924,53
06/30/2023;1.933,80
06/29/2023;1.851,92
06/28/2023;1.827,95
06/27/2023;1.889,51
06/26/2023;1.859,00
06/25/2023;1.898,80
06/24/2023;1.875,00
06/23/2023;1.891,97
06/22/2023;1.872,32
06/21/2023;1.889,87
06/20/2023;1.791,61
06/19/2023;1.737,06
06/18/2023;1.720,98
06/17/2023;1.727,79
06/16/2023;1.717,92
06/15/2023;1.666,96
06/14/2023;1.650,96
06/13/2023;1.739,60
06/12/2023;1.742,60
06/11/2023;1.752,80
06/10/2023;1.751,56
06/09/2023;1.840,41
06/08/2023;1.845,68
06/07/2023;1.832,10
06/06/2023;1.884,17
06/05/2023;1.811,20
06/04/2023;1.890,04
06/03/2023;1.892,05
06/02/2023;1.907,10
06/01/2023;1.861,77
05/31/2023;1.873,63
05/30/2023;1.900,59
05/29/2023;1.892,61
05/28/2023;1.908,35
05/27/2023;1.829,91
05/26/2023;1.827,80
05/25/2023;1.805,69
05/24/2023;1.799,91
05/23/2023;1.854,08
05/22/2023;1.817,19
05/21/2023;1.804,89
05/20/2023;1.819,68
05/19/2023;1.812,32
05/18/2023;1.800,99
05/17/2023;1.821,73
05/16/2023;1.823,98
05/15/2023;1.817,11
05/14/2023;1.799,36
05/13/2023;1.794,95
05/12/2023;1.807,31
05/11/2023;1.794,71
05/10/2023;1.840,92
05/09/2023;1.846,56
05/08/2023;1.847,48
05/07/2023;1.870,99
05/06/2023;1.896,48
05/05/2023;1.993,33
05/04/2023;1.877,06
05/03/2023;1.904,74
05/02/2023;1.869,74
05/01/2023;1.830,75
04/30/2023;1.868,88
04/29/2023;1.907,80
04/28/2023;1.891,14
04/27/2023;1.908,81
04/26/2023;1.866,05
04/25/2023;1.865,95
04/24/2023;1.841,88
04/23/2023;1.862,05
04/22/2023;1.873,95
04/21/2023;1.849,81
04/20/2023;1.942,72
04/19/2023;1.935,97
04/18/2023;2.103,34
04/17/2023;2.074,74
04/16/2023;2.119,29
04/15/2023;2.090,59
04/14/2023;2.099,98
04/13/2023;2.012,11
04/12/2023;1.916,58
04/11/2023;1.889,86
04/10/2023;1.910,36
04/09/2023;1.858,90
04/08/2023;1.848,93
04/07/2023;1.863,46
04/06/2023;1.872,35
04/05/2023;1.908,96
04/04/2023;1.870,52
04/03/2023;1.810,77
04/02/2023;1.795,01
04/01/2023;1.820,78
03/31/2023;1.821,62
03/30/2023;1.793,59
03/29/2023;1.793,27
03/28/2023;1.772,63
03/27/2023;1.714,65
03/26/2023;1.774,06
03/25/2023;1.742,34
03/24/2023;1.749,26
03/23/2023;1.814,08
03/22/2023;1.734,48
03/21/2023;1.803,54
03/20/2023;1.732,31
03/19/2023;1.779,47
03/18/2023;1.758,70
03/17/2023;1.789,38
03/16/2023;1.673,85
03/15/2023;1.649,65
03/14/2023;1.700,15
03/13/2023;1.673,93
03/12/2023;1.580,24
03/11/2023;1.471,15
03/10/2023;1.426,75
03/09/2023;1.438,50
03/08/2023;1.533,04
03/07/2023;1.561,78
03/06/2023;1.565,84
03/05/2023;1.564,37
03/04/2023;1.566,73
03/03/2023;1.568,89
03/02/2023;1.647,38
03/01/2023;1.666,09
02/28/2023;1.604,69
02/27/2023;1.633,66
02/26/2023;1.641,60
02/25/2023;1.594,66
02/24/2023;1.608,24
02/23/2023;1.650,52
02/22/2023;1.643,39
02/21/2023;1.659,41
02/20/2023;1.703,27
02/19/2023;1.681,52
02/18/2023;1.691,62
02/17/2023;1.693,96
02/16/2023;1.640,66
02/15/2023;1.675,43
02/14/2023;1.555,46
02/13/2023;1.505,84
02/12/2023;1.515,44
02/11/2023;1.538,34
02/10/2023;1.513,82
02/09/2023;1.545,35
02/08/2023;1.650,99
02/07/2023;1.671,40
02/06/2023;1.613,72
02/05/2023;1.629,44
02/04/2023;1.666,90
02/03/2023;1.663,79
02/02/2023;1.641,71
02/01/2023;1.642,10
01/31/2023;1.585,27
01/30/2023;1.566,50
01/29/2023;1.645,97
01/28/2023;1.573,07
01/27/2023;1.597,60
01/26/2023;1.602,55
01/25/2023;1.611,20
01/24/2023;1.556,15
01/23/2023;1.626,53
01/22/2023;1.627,03
01/21/2023;1.625,53
01/20/2023;1.659,98
01/19/2023;1.551,62
01/18/2023;1.511,31
01/17/2023;1.564,67
01/16/2023;1.576,94
01/15/2023;1.552,69
01/14/2023;1.550,02
01/13/2023;1.450,86
01/12/2023;1.416,08
01/11/2023;1.389,84
01/10/2023;1.335,13
01/09/2023;1.320,51
01/08/2023;1.288,38
01/07/2023;1.263,90
01/06/2023;1.269,14
01/05/2023;1.250,95
01/04/2023;1.256,92
01/03/2023;1.214,57
01/02/2023;1.213,93
01/01/2023;1.200,52
12/31/2022;1.195,67
12/30/2022;1.199,80
12/29/2022;1.200,84
12/28/2022;1.189,98
12/27/2022;1.211,60
12/26/2022;1.227,65
12/25/2022;1.218,69
12/24/2022;1.220,46
12/23/2022;1.220,03
12/22/2022;1.217,57
12/21/2022;1.213,85
12/20/2022;1.217,20
12/19/2022;1.167,80
12/18/2022;1.182,70
12/17/2022;1.187,18
12/16/2022;1.166,70
12/15/2022;1.266,32
12/14/2022;1.307,30
12/13/2022;1.320,76
12/12/2022;1.275,02
12/11/2022;1.263,42
12/10/2022;1.266,62
12/09/2022;1.262,86
12/08/2022;1.280,29
12/07/2022;1.231,04
12/06/2022;1.271,26
12/05/2022;1.259,56
12/04/2022;1.279,74
12/03/2022;1.240,46
12/02/2022;1.295,69
12/01/2022;1.276,05
11/30/2022;1.294,41
11/29/2022;1.216,55
11/28/2022;1.167,73
11/27/2022;1.193,38
11/26/2022;1.205,15
11/25/2022;1.198,12
11/24/2022;1.203,77
11/23/2022;1.185,79
11/22/2022;1.139,74
11/21/2022;1.107,46
11/20/2022;1.142,88
11/19/2022;1.217,65
11/18/2022;1.207,31
11/17/2022;1.205,17
11/16/2022;1.206,16
11/15/2022;1.253,45
11/14/2022;1.242,64
11/13/2022;1.221,47
11/12/2022;1.256,29
11/11/2022;1.288,63
11/10/2022;1.299,15
11/09/2022;1.100,84
11/08/2022;1.335,25
11/07/2022;1.567,57
11/06/2022;1.570,86
11/05/2022;1.627,07
11/04/2022;1.645,01
11/03/2022;1.531,08
11/02/2022;1.519,04
11/01/2022;1.579,64
10/31/2022;1.572,89
10/30/2022;1.590,47
10/29/2022;1.619,69
10/28/2022;1.554,47
10/27/2022;1.514,19
10/26/2022;1.566,16
10/25/2022;1.459,60
10/24/2022;1.343,88
10/23/2022;1.363,92
10/22/2022;1.313,64
10/21/2022;1.299,76
10/20/2022;1.282,87
10/19/2022;1.285,32
10/18/2022;1.310,81
10/17/2022;1.331,12
10/16/2022;1.305,95
10/15/2022;1.274,57
10/14/2022;1.296,74
10/13/2022;1.287,34
10/12/2022;1.294,57
10/11/2022;1.279,97
10/10/2022;1.290,04
10/09/2022;1.323,41
10/08/2022;1.315,05
10/07/2022;1.330,99
10/06/2022;1.352,27
10/05/2022;1.352,07
10/04/2022;1.361,48
10/03/2022;1.323,41
10/02/2022;1.275,74
10/01/2022;1.311,80
09/30/2022;1.328,73
09/29/2022;1.336,08
09/28/2022;1.337,37
09/27/2022;1.328,23
09/26/2022;1.337,06
09/25/2022;1.294,26
09/24/2022;1.317,00
09/23/2022;1.327,96
09/22/2022;1.326,44
09/21/2022;1.247,74
09/20/2022;1.323,33
09/19/2022;1.376,00
09/18/2022;1.335,01
09/17/2022;1.468,79
09/16/2022;1.434,01
09/15/2022;1.472,64
09/14/2022;1.637,92
09/13/2022;1.574,47
09/12/2022;1.716,42
09/11/2022;1.766,93
09/10/2022;1.774,38
09/09/2022;1.718,81
09/08/2022;1.634,85
09/07/2022;1.629,51
09/06/2022;1.557,85
09/05/2022;1.617,07
09/04/2022;1.578,89
09/03/2022;1.557,55
09/02/2022;1.575,34
09/01/2022;1.585,48
08/31/2022;1.555,12
08/30/2022;1.523,34
08/29/2022;1.552,60
08/28/2022;1.426,25
08/27/2022;1.490,83
08/26/2022;1.508,08
08/25/2022;1.695,37
08/24/2022;1.656,64
08/23/2022;1.664,89
08/22/2022;1.626,75
08/21/2022;1.618,25
08/20/2022;1.575,60
08/19/2022;1.609,48
08/18/2022;1.846,51
08/17/2022;1.834,18
08/16/2022;1.876,70
08/15/2022;1.900,25
08/14/2022;1.935,10
08/13/2022;1.983,50
08/12/2022;1.957,63
08/11/2022;1.880,28
08/10/2022;1.853,46
08/09/2022;1.702,80
08/08/2022;1.778,42
08/07/2022;1.700,29
08/06/2022;1.690,27
08/05/2022;1.737,71
08/04/2022;1.606,94
08/03/2022;1.618,08
08/02/2022;1.631,48
08/01/2022;1.630,10
07/31/2022;1.680,00
07/30/2022;1.695,97
07/29/2022;1.720,77
07/28/2022;1.726,01
07/27/2022;1.636,01
07/26/2022;1.450,70
07/25/2022;1.438,52
07/24/2022;1.598,19
07/23/2022;1.549,61
07/22/2022;1.534,85
07/21/2022;1.575,68
07/20/2022;1.520,64
07/19/2022;1.543,50
07/18/2022;1.584,77
07/17/2022;1.337,85
07/16/2022;1.356,08
07/15/2022;1.231,03
07/14/2022;1.192,75
07/13/2022;1.115,83
07/12/2022;1.038,56
07/11/2022;1.096,43
07/10/2022;1.167,35
07/09/2022;1.216,94
07/08/2022;1.216,33
07/07/2022;1.238,15
07/06/2022;1.186,45
07/05/2022;1.133,90
07/04/2022;1.151,19
07/03/2022;1.074,08
07/02/2022;1.066,60
07/01/2022;1.058,94
06/30/2022;1.069,05
06/29/2022;1.099,51
06/28/2022;1.143,97
06/27/2022;1.190,84
06/26/2022;1.198,03
06/25/2022;1.241,76
06/24/2022;1.225,03
06/23/2022;1.144,19
06/22/2022;1.049,02
06/21/2022;1.125,96
06/20/2022;1.128,32
06/19/2022;1.128,39
06/18/2022;995,61
06/17/2022;1.086,47
06/16/2022;1.068,49
06/15/2022;1.237,92
06/14/2022;1.210,84
06/13/2022;1.206,67
06/12/2022;1.435,46
06/11/2022;1.531,42
06/10/2022;1.663,02
06/09/2022;1.788,06
06/08/2022;1.793,00
06/07/2022;1.813,72
06/06/2022;1.859,99
06/05/2022;1.806,71
06/04/2022;1.804,37
06/03/2022;1.775,29
06/02/2022;1.834,64
06/01/2022;1.818,07
05/31/2022;1.941,79
05/30/2022;1.998,46
05/29/2022;1.813,56
05/28/2022;1.792,68
05/27/2022;1.724,30
05/26/2022;1.793,42
05/25/2022;1.942,91
05/24/2022;1.979,35
05/23/2022;1.972,93
05/22/2022;2.043,19
05/21/2022;1.975,12
05/20/2022;1.959,85
05/19/2022;2.019,34
05/18/2022;1.912,12
05/17/2022;2.091,14
05/16/2022;2.022,93
05/15/2022;2.145,86
05/14/2022;2.056,30
05/13/2022;2.009,53
05/12/2022;1.955,36
05/11/2022;2.080,79
05/10/2022;2.342,30
05/09/2022;2.229,10
05/08/2022;2.519,98
05/07/2022;2.636,03
05/06/2022;2.692,88
05/05/2022;2.747,46
05/04/2022;2.940,70
05/03/2022;2.781,47
05/02/2022;2.856,01
05/01/2022;2.825,80
04/30/2022;2.727,18
04/29/2022;2.816,66
04/28/2022;2.937,01
04/27/2022;2.888,99
04/26/2022;2.810,42
04/25/2022;3.006,04
04/24/2022;2.922,03
04/23/2022;2.931,90
04/22/2022;2.963,00
04/21/2022;2.983,95
04/20/2022;3.076,38
04/19/2022;3.102,01
04/18/2022;3.055,64
04/17/2022;2.989,05
04/16/2022;3.058,96
04/15/2022;3.042,01
04/14/2022;3.021,93
04/13/2022;3.116,92
04/12/2022;3.027,25
04/11/2022;2.978,29
04/10/2022;3.201,84
04/09/2022;3.259,35
04/08/2022;3.193,93
04/07/2022;3.228,84
04/06/2022;3.169,58
04/05/2022;3.406,78
04/04/2022;3.520,41
04/03/2022;3.521,10
04/02/2022;3.442,34
04/01/2022;3.456,18
03/31/2022;3.282,35
03/30/2022;3.385,64
03/29/2022;3.401,89
03/28/2022;3.329,38
03/27/2022;3.297,04
03/26/2022;3.146,01
03/25/2022;3.103,51
03/24/2022;3.109,25
03/23/2022;3.036,12
03/22/2022;2.969,64
03/21/2022;2.891,63
03/20/2022;2.861,69
03/19/2022;2.949,92
03/18/2022;2.939,76
03/17/2022;2.812,29
03/16/2022;2.773,94
03/15/2022;2.617,43
03/14/2022;2.589,30
03/13/2022;2.516,75
03/12/2022;2.569,80
03/11/2022;2.556,96
03/10/2022;2.606,50
03/09/2022;2.726,94
03/08/2022;2.577,21
03/07/2022;2.492,53
03/06/2022;2.549,40
03/05/2022;2.665,42
03/04/2022;2.622,15
03/03/2022;2.834,91
03/02/2022;2.947,14
03/01/2022;2.975,81
02/28/2022;2.922,50
02/27/2022;2.616,34
02/26/2022;2.776,96
02/25/2022;2.767,53
02/24/2022;2.596,52
02/23/2022;2.578,15
02/22/2022;2.636,13
02/21/2022;2.569,87
02/20/2022;2.619,32
02/19/2022;2.763,81
02/18/2022;2.779,56
02/17/2022;2.894,03
02/16/2022;3.118,90
02/15/2022;3.182,27
02/14/2022;2.929,31
02/13/2022;2.870,25
02/12/2022;2.917,10
02/11/2022;2.927,63
02/10/2022;3.071,83
02/09/2022;3.243,62
02/08/2022;3.115,88
02/07/2022;3.140,18
02/06/2022;3.056,20
02/05/2022;3.013,81
02/04/2022;2.994,99
02/03/2022;2.692,80
02/02/2022;2.681,00
02/01/2022;2.787,16
01/31/2022;2.686,82
01/30/2022;2.602,77
01/29/2022;2.600,02
01/28/2022;2.545,95
01/27/2022;2.424,66
01/26/2022;2.461,41
01/25/2022;2.458,07
01/24/2022;2.441,01
01/23/2022;2.540,81
01/22/2022;2.412,52
01/21/2022;2.571,29
01/20/2022;3.004,72
01/19/2022;3.083,65
01/18/2022;3.160,15
01/17/2022;3.209,35
01/16/2022;3.346,59
01/15/2022;3.327,74
01/14/2022;3.307,90
01/13/2022;3.238,03
01/12/2022;3.370,89
01/11/2022;3.237,89
01/10/2022;3.085,43
01/09/2022;3.150,30
01/08/2022;3.080,02
01/07/2022;3.195,31
01/06/2022;3.407,77
01/05/2022;3.535,86
01/04/2022;3.789,52
01/03/2022;3.764,24
01/02/2022;3.830,67
01/01/2022;3.765,67
12/31/2021;3.677,85
12/30/2021;3.709,57
12/29/2021;3.627,93
12/28/2021;3.791,69
12/27/2021;4.036,24
12/26/2021;4.061,27
12/25/2021;4.093,14
12/24/2021;4.043,39
12/23/2021;4.110,14
12/22/2021;3.979,54
12/21/2021;4.016,59
12/20/2021;3.938,80
12/19/2021;3.925,34
12/18/2021;3.959,83
12/17/2021;3.878,29
12/16/2021;3.956,62
12/15/2021;4.019,24
12/14/2021;3.861,55
12/13/2021;3.781,94
12/12/2021;4.131,78
12/11/2021;4.075,66
12/10/2021;3.903,48
12/09/2021;4.107,69
12/08/2021;4.435,74
12/07/2021;4.307,08
12/06/2021;4.353,31
12/05/2021;4.194,80
12/04/2021;4.123,46
12/03/2021;4.219,30
12/02/2021;4.512,90
12/01/2021;4.583,28
11/30/2021;4.628,90
11/29/2021;4.443,22
11/28/2021;4.296,98
11/27/2021;4.094,80
11/26/2021;4.034,53
11/25/2021;4.520,30
11/24/2021;4.273,54
11/23/2021;4.340,23
11/22/2021;4.086,95
11/21/2021;4.268,08
11/20/2021;4.408,85
11/19/2021;4.295,43
11/18/2021;4.001,87
11/17/2021;4.290,88
11/16/2021;4.208,16
11/15/2021;4.562,98
11/14/2021;4.625,59
11/13/2021;4.644,61
11/12/2021;4.667,31
11/11/2021;4.720,87
11/10/2021;4.634,03
11/09/2021;4.731,83
11/08/2021;4.808,38
11/07/2021;4.612,06
11/06/2021;4.517,36
11/05/2021;4.475,00
11/04/2021;4.535,11
11/03/2021;4.602,21
11/02/2021;4.586,06
11/01/2021;4.320,85
10/31/2021;4.287,56
10/30/2021;4.320,65
10/29/2021;4.413,70
10/28/2021;4.284,90
10/27/2021;3.921,93
10/26/2021;4.129,51
10/25/2021;4.219,92
10/24/2021;4.082,80
10/23/2021;4.168,85
10/22/2021;3.970,94
10/21/2021;4.054,16
10/20/2021;4.159,89
10/19/2021;3.876,78
10/18/2021;3.747,60
10/17/2021;3.845,47
10/16/2021;3.827,55
10/15/2021;3.866,90
10/14/2021;3.790,41
10/13/2021;3.607,28
10/12/2021;3.489,90
10/11/2021;3.545,06
10/10/2021;3.415,03
10/09/2021;3.574,20
10/08/2021;3.559,42
10/07/2021;3.586,00
10/06/2021;3.575,41
10/05/2021;3.517,26
10/04/2021;3.382,90
10/03/2021;3.417,34
10/02/2021;3.388,97
10/01/2021;3.309,13
09/30/2021;3.000,59
09/29/2021;2.851,50
09/28/2021;2.807,28
09/27/2021;2.926,24
09/26/2021;3.063,51
09/25/2021;2.922,55
09/24/2021;2.928,57
09/23/2021;3.152,92
09/22/2021;3.077,78
09/21/2021;2.761,52
09/20/2021;2.976,05
09/19/2021;3.329,12
09/18/2021;3.435,97
09/17/2021;3.398,65
09/16/2021;3.569,43
09/15/2021;3.611,90
09/14/2021;3.428,87
09/13/2021;3.284,52
09/12/2021;3.408,28
09/11/2021;3.267,33
09/10/2021;3.207,27
09/09/2021;3.423,51
09/08/2021;3.495,10
09/07/2021;3.423,12
09/06/2021;3.927,21
09/05/2021;3.950,62
09/04/2021;3.884,97
09/03/2021;3.936,29
09/02/2021;3.786,19
09/01/2021;3.832,73
08/31/2021;3.430,74
08/30/2021;3.225,67
08/29/2021;3.222,16
08/28/2021;3.243,90
08/27/2021;3.273,58
08/26/2021;3.093,54
08/25/2021;3.228,15
08/24/2021;3.173,26
08/23/2021;3.319,49
08/22/2021;3.238,70
08/21/2021;3.223,96
08/20/2021;3.284,21
08/19/2021;3.184,82
08/18/2021;3.016,91
08/17/2021;3.014,58
08/16/2021;3.147,65
08/15/2021;3.308,87
08/14/2021;3.264,69
08/13/2021;3.322,43
08/12/2021;3.043,61
08/11/2021;3.163,66
08/10/2021;3.140,71
08/09/2021;3.162,93
08/08/2021;3.012,07
08/07/2021;3.158,00
08/06/2021;2.889,43
08/05/2021;2.827,21
08/04/2021;2.725,29
08/03/2021;2.506,65
08/02/2021;2.608,04
08/01/2021;2.556,23
07/31/2021;2.532,19
07/30/2021;2.460,95
07/29/2021;2.380,93
07/28/2021;2.299,11
07/27/2021;2.300,22
07/26/2021;2.229,53
07/25/2021;2.189,79
07/24/2021;2.151,85
07/23/2021;2.123,61
07/22/2021;2.024,58
07/21/2021;1.994,49
07/20/2021;1.786,07
07/19/2021;1.818,07
07/18/2021;1.892,42
07/17/2021;1.897,98
07/16/2021;1.878,20
07/15/2021;1.917,21
07/14/2021;1.994,64
07/13/2021;1.940,72
07/12/2021;2.035,09
07/11/2021;2.139,35
07/10/2021;2.111,12
07/09/2021;2.145,89
07/08/2021;2.120,22
07/07/2021;2.316,57
07/06/2021;2.322,72
07/05/2021;2.196,16
07/04/2021;2.323,22
07/03/2021;2.224,70
07/02/2021;2.154,78
07/01/2021;2.109,11
06/30/2021;2.273,84
06/29/2021;2.158,71
06/28/2021;2.083,09
06/27/2021;1.979,88
06/26/2021;1.830,62
06/25/2021;1.810,57
06/24/2021;1.989,14
06/23/2021;1.968,39
06/22/2021;1.876,66
06/21/2021;1.891,18
06/20/2021;2.243,86
06/19/2021;2.166,91
06/18/2021;2.229,53
06/17/2021;2.371,62
06/16/2021;2.367,28
06/15/2021;2.543,83
06/14/2021;2.581,48
06/13/2021;2.508,27
06/12/2021;2.368,47
06/11/2021;2.351,45
06/10/2021;2.469,97
06/09/2021;2.606,23
06/08/2021;2.510,65
06/07/2021;2.592,63
06/06/2021;2.713,66
06/05/2021;2.628,98
06/04/2021;2.686,50
06/03/2021;2.853,35
06/02/2021;2.706,10
06/01/2021;2.633,67
05/31/2021;2.708,47
05/30/2021;2.386,10
05/29/2021;2.276,07
05/28/2021;2.414,29
05/27/2021;2.735,88
05/26/2021;2.884,66
05/25/2021;2.705,09
05/24/2021;2.646,79
05/23/2021;2.101,34
05/22/2021;2.291,60
05/21/2021;2.433,11
05/20/2021;2.777,55
05/19/2021;2.435,69
05/18/2021;3.377,55
05/17/2021;3.279,68
05/16/2021;3.582,12
05/15/2021;3.641,65
05/14/2021;4.075,38
05/13/2021;3.719,62
05/12/2021;3.811,77
05/11/2021;4.167,78
05/10/2021;3.947,90
05/09/2021;3.922,23
05/08/2021;3.905,55
05/07/2021;3.481,22
05/06/2021;3.489,52
05/05/2021;3.522,76
05/04/2021;3.286,71
05/03/2021;3.429,37
05/02/2021;2.950,33
05/01/2021;2.944,66
04/30/2021;2.772,78
04/29/2021;2.757,36
04/28/2021;2.746,54
04/27/2021;2.665,24
04/26/2021;2.533,12
04/25/2021;2.316,48
04/24/2021;2.215,93
04/23/2021;2.367,31
04/22/2021;2.401,10
04/21/2021;2.360,81
04/20/2021;2.332,14
04/19/2021;2.160,63
04/18/2021;2.237,17
04/17/2021;2.318,33
04/16/2021;2.423,18
04/15/2021;2.514,22
04/14/2021;2.431,56
04/13/2021;2.299,93
04/12/2021;2.137,81
04/11/2021;2.151,42
04/10/2021;2.133,79
04/09/2021;2.066,93
04/08/2021;2.079,92
04/07/2021;1.961,46
04/06/2021;2.111,53
04/05/2021;2.106,41
04/04/2021;2.075,94
04/03/2021;2.008,59
04/02/2021;2.134,55
04/01/2021;1.967,96
03/31/2021;1.917,99
03/30/2021;1.841,01
03/29/2021;1.816,69
03/28/2021;1.686,80
03/27/2021;1.713,01
03/26/2021;1.698,60
03/25/2021;1.586,54
03/24/2021;1.582,38
03/23/2021;1.667,90
03/22/2021;1.682,37
03/21/2021;1.783,72
03/20/2021;1.804,60
03/19/2021;1.809,64
03/18/2021;1.776,08
03/17/2021;1.823,35
03/16/2021;1.804,85
03/15/2021;1.792,38
03/14/2021;1.849,06
03/13/2021;1.921,13
03/12/2021;1.766,90
03/11/2021;1.825,79
03/10/2021;1.794,14
03/09/2021;1.869,10
03/08/2021;1.831,49
03/07/2021;1.728,10
03/06/2021;1.649,19
03/05/2021;1.530,29
03/04/2021;1.538,61
03/03/2021;1.571,05
03/02/2021;1.488,62
03/01/2021;1.570,03
02/28/2021;1.418,76
02/27/2021;1.458,93
02/26/2021;1.445,44
02/25/2021;1.476,15
02/24/2021;1.623,71
02/23/2021;1.578,11
02/22/2021;1.777,28
02/21/2021;1.933,45
02/20/2021;1.913,88
02/19/2021;1.955,59
02/18/2021;1.934,16
02/17/2021;1.847,95
02/16/2021;1.781,69
02/15/2021;1.778,82
02/14/2021;1.801,78
02/13/2021;1.815,49
02/12/2021;1.841,02
02/11/2021;1.786,35
02/10/2021;1.742,09
02/09/2021;1.770,63
02/08/2021;1.750,18
02/07/2021;1.612,99
02/06/2021;1.676,63
02/05/2021;1.719,20
02/04/2021;1.594,00
02/03/2021;1.664,34
02/02/2021;1.511,36
02/01/2021;1.373,40
01/31/2021;1.312,73
01/30/2021;1.376,96
01/29/2021;1.379,30
01/28/2021;1.328,47
01/27/2021;1.247,62
01/26/2021;1.366,27
01/25/2021;1.317,90
01/24/2021;1.390,28
01/23/2021;1.233,40
01/22/2021;1.234,58
01/21/2021;1.117,33
01/20/2021;1.377,53
01/19/2021;1.372,00
01/18/2021;1.258,06
01/17/2021;1.232,64
01/16/2021;1.228,27
01/15/2021;1.171,68
01/14/2021;1.226,17
01/13/2021;1.128,46
01/12/2021;1.050,19
01/11/2021;1.091,47
01/10/2021;1.256,04
01/09/2021;1.275,58
01/08/2021;1.215,73
01/07/2021;1.224,35
01/06/2021;1.207,77
01/05/2021;1.099,52
01/04/2021;1.042,40
01/03/2021;974,97
01/02/2021;774,50
01/01/2021;729,12
12/31/2020;735,94
12/30/2020;751,80
12/29/2020;731,76
12/28/2020;730,05
12/27/2020;683,71
12/26/2020;636,58
12/25/2020;626,93
12/24/2020;612,34
12/23/2020;585,69
12/22/2020;637,47
12/21/2020;607,85
12/20/2020;638,26
12/19/2020;658,17
12/18/2020;653,85
12/17/2020;643,17
12/16/2020;637,38
12/15/2020;588,91
12/14/2020;586,19
12/13/2020;591,09
12/12/2020;567,78
12/11/2020;544,17
12/10/2020;558,13
12/09/2020;573,21
12/08/2020;555,05
12/07/2020;591,09
12/06/2020;601,68
12/05/2020;596,68
12/04/2020;567,91
12/03/2020;616,32
12/02/2020;598,05
12/01/2020;585,66
11/30/2020;615,92
11/29/2020;575,45
11/28/2020;537,74
11/27/2020;518,11
11/26/2020;519,32
11/25/2020;569,67
11/24/2020;605,03
11/23/2020;609,22
11/22/2020;559,40
11/21/2020;551,91
11/20/2020;509,98
11/19/2020;471,21
11/18/2020;478,52
11/17/2020;481,95
11/16/2020;460,43
11/15/2020;448,23
11/14/2020;460,70
11/13/2020;476,29
11/12/2020;462,56
11/11/2020;463,33
11/10/2020;450,22
11/09/2020;444,33
11/08/2020;454,68
11/07/2020;435,40
11/06/2020;455,72
11/05/2020;416,63
11/04/2020;402,19
11/03/2020;387,92
11/02/2020;383,53
11/01/2020;396,29
10/31/2020;386,42
10/30/2020;382,41
10/29/2020;386,76
10/28/2020;388,14
10/27/2020;403,15
10/26/2020;394,11
10/25/2020;406,09
10/24/2020;411,92
10/23/2020;408,52
10/22/2020;414,05
10/21/2020;391,20
10/20/2020;368,35
10/19/2020;379,19
10/18/2020;377,81
10/17/2020;368,63
10/16/2020;365,17
10/15/2020;377,45
10/14/2020;379,15
10/13/2020;381,23
10/12/2020;386,68
10/11/2020;374,19
10/10/2020;370,16
10/09/2020;365,28
10/08/2020;350,83
10/07/2020;341,48
10/06/2020;340,61
10/05/2020;353,28
10/04/2020;352,73
10/03/2020;345,60
10/02/2020;345,68
10/01/2020;353,07
09/30/2020;359,39
09/29/2020;359,86
09/28/2020;354,08
09/27/2020;357,23
09/26/2020;354,25
09/25/2020;351,63
09/24/2020;349,17
09/23/2020;319,95
09/22/2020;344,03
09/21/2020;341,30
09/20/2020;371,12
09/19/2020;385,25
09/18/2020;384,20
09/17/2020;388,97
09/16/2020;364,88
09/15/2020;364,01
09/14/2020;376,70
09/13/2020;365,71
09/12/2020;387,98
09/11/2020;373,72
09/10/2020;367,92
09/09/2020;351,10
09/08/2020;337,46
09/07/2020;352,06
09/06/2020;353,49
09/05/2020;334,91
09/04/2020;385,94
09/03/2020;381,97
09/02/2020;439,08
09/01/2020;475,80
08/31/2020;433,90
08/30/2020;428,86
08/29/2020;398,80
08/28/2020;395,11
08/27/2020;383,11
08/26/2020;385,96
08/25/2020;383,20
08/24/2020;407,70
08/23/2020;390,50
08/22/2020;395,56
08/21/2020;387,99
08/20/2020;416,05
08/19/2020;407,44
08/18/2020;422,16
08/17/2020;430,56
08/16/2020;433,63
08/15/2020;432,18
08/14/2020;438,03
08/13/2020;424,31
08/12/2020;387,12
08/11/2020;379,01
08/10/2020;395,53
08/09/2020;390,23
08/08/2020;396,76
08/07/2020;379,57
08/06/2020;394,83
08/05/2020;400,79
08/04/2020;389,62
08/03/2020;385,80
08/02/2020;372,08
08/01/2020;387,14
07/31/2020;346,51
07/30/2020;334,87
07/29/2020;317,82
07/28/2020;316,96
07/27/2020;321,80
07/26/2020;311,13
07/25/2020;305,32
07/24/2020;279,33
07/23/2020;275,34
07/22/2020;263,28
07/21/2020;245,53
07/20/2020;236,10
07/19/2020;239,01
07/18/2020;235,75
07/17/2020;232,75
07/16/2020;233,65
07/15/2020;238,62
07/14/2020;240,50
07/13/2020;239,73
07/12/2020;242,75
07/11/2020;239,20
07/10/2020;241,26
07/09/2020;242,02
07/08/2020;246,99
07/07/2020;239,25
07/06/2020;241,56
07/05/2020;227,98
07/04/2020;229,15
07/03/2020;225,12
07/02/2020;226,42
07/01/2020;230,95
06/30/2020;225,63
06/29/2020;227,87
06/28/2020;225,09
06/27/2020;221,06
06/26/2020;229,67
06/25/2020;232,56
06/24/2020;234,75
06/23/2020;243,20
06/22/2020;243,25
06/21/2020;228,13
06/20/2020;228,86
06/19/2020;229,11
06/18/2020;231,34
06/17/2020;233,88
06/16/2020;235,36
06/15/2020;230,93
06/14/2020;232,02
06/13/2020;238,22
06/12/2020;237,54
06/11/2020;230,71
06/10/2020;247,78
06/09/2020;243,82
06/08/2020;246,18
06/07/2020;244,56
06/06/2020;242,00
06/05/2020;240,23
06/04/2020;243,37
06/03/2020;244,52
06/02/2020;237,94
06/01/2020;247,97
05/31/2020;231,81
05/30/2020;243,63
05/29/2020;220,66
05/28/2020;220,18
05/27/2020;208,18
05/26/2020;201,00
05/25/2020;204,13
05/24/2020;199,97
05/23/2020;206,62
05/22/2020;207,35
05/21/2020;198,75
05/20/2020;209,99
05/19/2020;214,51
05/18/2020;214,87
05/17/2020;207,00
05/16/2020;200,51
05/15/2020;194,85
05/14/2020;203,30
05/13/2020;199,58
05/12/2020;189,84
05/11/2020;185,96
05/10/2020;187,78
05/09/2020;210,22
05/08/2020;211,45
05/07/2020;212,00
05/06/2020;199,04
05/05/2020;205,36
05/04/2020;206,61
05/03/2020;209,83
05/02/2020;213,96
05/01/2020;212,00
04/30/2020;206,22
04/29/2020;215,40
04/28/2020;196,55
04/27/2020;196,14
04/26/2020;197,35
04/25/2020;194,01
04/24/2020;187,58
04/23/2020;185,46
04/22/2020;182,72
04/21/2020;170,79
04/20/2020;170,40
04/19/2020;180,13
04/18/2020;187,45
04/17/2020;170,63
04/16/2020;172,31
04/15/2020;152,90
04/14/2020;158,45
04/13/2020;156,38
04/12/2020;158,73
04/11/2020;158,18
04/10/2020;157,86
04/09/2020;169,68
04/08/2020;173,00
04/07/2020;164,71
04/06/2020;171,06
04/05/2020;142,58
04/04/2020;144,01
04/03/2020;141,14
04/02/2020;141,30
04/01/2020;135,66
03/31/2020;132,86
03/30/2020;132,15
03/29/2020;125,24
03/28/2020;131,03
03/27/2020;131,74
03/26/2020;138,38
03/25/2020;136,07
03/24/2020;138,62
03/23/2020;136,02
03/22/2020;122,41
03/21/2020;132,58
03/20/2020;133,32
03/19/2020;135,43
03/18/2020;117,77
03/17/2020;116,06
03/16/2020;111,02
03/15/2020;124,35
03/14/2020;122,69
03/13/2020;133,99
03/12/2020;107,90
03/11/2020;194,58
03/10/2020;200,56
03/09/2020;202,85
03/08/2020;199,16
03/07/2020;237,32
03/06/2020;244,90
03/05/2020;228,45
03/04/2020;224,38
03/03/2020;223,94
03/02/2020;231,87
03/01/2020;217,99
02/29/2020;217,52
02/28/2020;226,93
02/27/2020;227,53
02/26/2020;224,30
02/25/2020;246,96
02/24/2020;265,65
02/23/2020;274,72
02/22/2020;261,64
02/21/2020;265,11
02/20/2020;257,39
02/19/2020;259,12
02/18/2020;282,26
02/17/2020;267,63
02/16/2020;259,99
02/15/2020;264,87
02/14/2020;285,25
02/13/2020;268,75
02/12/2020;265,58
02/11/2020;236,76
02/10/2020;222,95
02/09/2020;228,59
02/08/2020;223,23
02/07/2020;223,51
02/06/2020;213,16
02/05/2020;203,83
02/04/2020;188,93
02/03/2020;189,79
02/02/2020;188,50
02/01/2020;183,64
01/31/2020;179,91
01/30/2020;184,59
01/29/2020;173,86
01/28/2020;175,74
01/27/2020;170,27
01/26/2020;167,90
01/25/2020;160,44
01/24/2020;162,55
01/23/2020;162,80
01/22/2020;168,13
01/21/2020;169,41
01/20/2020;166,87
01/19/2020;166,92
01/18/2020;174,19
01/17/2020;170,22
01/16/2020;164,36
01/15/2020;166,45
01/14/2020;166,07
01/13/2020;143,60
01/12/2020;146,46
01/11/2020;142,67
01/10/2020;144,81
01/09/2020;137,92
01/08/2020;140,81
01/07/2020;143,04
01/06/2020;144,08
01/05/2020;135,59
01/04/2020;134,33
01/03/2020;134,27
01/02/2020;127,19
01/01/2020;130,75
12/31/2019;129,21
12/30/2019;131,83
12/29/2019;134,40
12/28/2019;128,35
12/27/2019;126,41
12/26/2019;125,93
12/25/2019;125,24
12/24/2019;128,05
12/23/2019;128,08
12/22/2019;132,19
12/21/2019;127,61
12/20/2019;128,70
12/19/2019;128,42
12/18/2019;132,92
12/17/2019;122,06
12/16/2019;132,78
12/15/2019;142,53
12/14/2019;142,03
12/13/2019;144,96
12/12/2019;145,03
12/11/2019;143,51
12/10/2019;145,86
12/09/2019;147,88
12/08/2019;151,17
12/07/2019;148,28
12/06/2019;148,89
12/05/2019;148,69
12/04/2019;145,79
12/03/2019;147,82
12/02/2019;148,89
12/01/2019;151,04
11/30/2019;151,95
11/29/2019;154,55
11/28/2019;151,07
11/27/2019;152,70
11/26/2019;147,61
11/25/2019;145,90
11/24/2019;140,66
11/23/2019;152,46
11/22/2019;149,80
11/21/2019;161,46
11/20/2019;174,96
11/19/2019;176,09
11/18/2019;178,50
11/17/2019;184,18
11/16/2019;182,42
11/15/2019;180,19
11/14/2019;185,25
11/13/2019;188,36
11/12/2019;186,99
11/11/2019;185,09
11/10/2019;188,99
11/09/2019;184,96
11/08/2019;184,03
11/07/2019;186,94
11/06/2019;191,28
11/05/2019;188,67
11/04/2019;185,85
11/03/2019;181,70
11/02/2019;183,01
11/01/2019;183,12
10/31/2019;182,37
10/30/2019;183,25
10/29/2019;190,45
10/28/2019;181,67
10/27/2019;184,05
10/26/2019;179,62
10/25/2019;181,49
10/24/2019;160,73
10/23/2019;162,28
10/22/2019;171,42
10/21/2019;174,18
10/20/2019;175,14
10/19/2019;171,91
10/18/2019;172,81
10/17/2019;177,31
10/16/2019;174,53
10/15/2019;180,59
10/14/2019;186,63
10/13/2019;181,11
10/12/2019;179,87
10/11/2019;180,60
10/10/2019;191,10
10/09/2019;192,64
10/08/2019;180,78
10/07/2019;179,87
10/06/2019;170,55
10/05/2019;176,43
10/04/2019;175,65
10/03/2019;174,54
10/02/2019;180,27
10/01/2019;175,78
09/30/2019;180,35
09/29/2019;169,29
09/28/2019;173,62
09/27/2019;173,19
09/26/2019;164,56
09/25/2019;168,92
09/24/2019;166,29
09/23/2019;201,18
09/22/2019;211,13
09/21/2019;215,22
09/20/2019;218,00
09/19/2019;220,21
09/18/2019;210,43
09/17/2019;207,77
09/16/2019;197,32
09/15/2019;189,10
09/14/2019;188,16
09/13/2019;181,11
09/12/2019;180,87
09/11/2019;178,47
09/10/2019;180,05
09/09/2019;180,65
09/08/2019;181,44
09/07/2019;177,74
09/06/2019;169,15
09/05/2019;173,83
09/04/2019;174,79
09/03/2019;178,81
09/02/2019;178,11
09/01/2019;169,72
08/31/2019;171,62
08/30/2019;168,16
08/29/2019;168,66
08/28/2019;172,85
08/27/2019;186,58
08/26/2019;188,34
08/25/2019;186,30
08/24/2019;190,15
08/23/2019;193,43
08/22/2019;190,29
08/21/2019;187,24
08/20/2019;196,14
08/19/2019;201,64
08/18/2019;193,68
08/17/2019;184,81
08/16/2019;184,55
08/15/2019;187,80
08/14/2019;186,56
08/13/2019;207,68
08/12/2019;210,45
08/11/2019;215,83
08/10/2019;205,93
08/09/2019;209,49
08/08/2019;220,16
08/07/2019;224,66
08/06/2019;225,63
08/05/2019;232,45
08/04/2019;220,72
08/03/2019;220,89
08/02/2019;216,54
08/01/2019;216,37
07/31/2019;217,23
07/30/2019;208,49
07/29/2019;209,82
07/28/2019;210,37
07/27/2019;206,62
07/26/2019;217,83
07/25/2019;217,65
07/24/2019;215,44
07/23/2019;211,87
07/22/2019;217,27
07/21/2019;225,01
07/20/2019;227,86
07/19/2019;220,09
07/18/2019;225,23
07/17/2019;210,95
07/16/2019;198,87
07/15/2019;228,49
07/14/2019;226,62
07/13/2019;269,16
07/12/2019;274,68
07/11/2019;268,72
07/10/2019;289,10
07/09/2019;307,41
07/08/2019;312,23
07/07/2019;304,88
07/06/2019;288,08
07/05/2019;287,15
07/04/2019;283,43
07/03/2019;300,58
07/02/2019;291,41
07/01/2019;294,83
06/30/2019;292,21
06/29/2019;318,48
06/28/2019;310,56
06/27/2019;297,55
06/26/2019;338,54
06/25/2019;317,65
06/24/2019;311,46
06/23/2019;308,53
06/22/2019;310,38
06/21/2019;294,72
06/20/2019;271,43
06/19/2019;268,26
06/18/2019;264,59
06/17/2019;273,00
06/16/2019;267,98
06/15/2019;267,75
06/14/2019;262,53
06/13/2019;254,86
06/12/2019;261,54
06/11/2019;244,41
06/10/2019;246,86
06/09/2019;231,27
06/08/2019;243,42
06/07/2019;248,98
06/06/2019;248,54
06/05/2019;245,83
06/04/2019;241,26
06/03/2019;250,37
06/02/2019;269,01
06/01/2019;264,31
05/31/2019;267,99
05/30/2019;254,52
05/29/2019;268,61
05/28/2019;271,18
05/27/2019;270,98
05/26/2019;264,68
05/25/2019;250,68
05/24/2019;249,17
05/23/2019;244,68
05/22/2019;244,34
05/21/2019;253,76
05/20/2019;250,72
05/19/2019;259,63
05/18/2019;233,89
05/17/2019;244,45
05/16/2019;264,69
05/15/2019;248,15
05/14/2019;217,42
05/13/2019;196,02
05/12/2019;188,07
05/11/2019;192,27
05/10/2019;172,77
05/09/2019;170,84
05/08/2019;170,77
05/07/2019;169,34
05/06/2019;173,00
05/05/2019;163,03
05/04/2019;163,68
05/03/2019;167,86
05/02/2019;161,66
05/01/2019;160,38
04/30/2019;161,80
04/29/2019;154,93
04/28/2019;158,27
04/27/2019;159,41
04/26/2019;157,97
04/25/2019;155,18
04/24/2019;165,22
04/23/2019;169,95
04/22/2019;170,87
04/21/2019;168,52
04/20/2019;172,73
04/19/2019;172,79
04/18/2019;173,33
04/17/2019;165,90
04/16/2019;165,65
04/15/2019;160,17
04/14/2019;167,29
04/13/2019;163,19
04/12/2019;163,47
04/11/2019;164,36
04/10/2019;177,37
04/09/2019;175,09
04/08/2019;179,16
04/07/2019;174,33
04/06/2019;165,55
04/05/2019;164,93
04/04/2019;157,43
04/03/2019;160,34
04/02/2019;163,47
04/01/2019;141,50
03/31/2019;141,79
03/30/2019;142,65
03/29/2019;143,38
03/28/2019;138,15
03/27/2019;139,65
03/26/2019;134,37
03/25/2019;134,25
03/24/2019;136,44
03/23/2019;137,53
03/22/2019;136,42
03/21/2019;135,11
03/20/2019;139,31
03/19/2019;138,72
03/18/2019;137,92
03/17/2019;138,91
03/16/2019;141,15
03/15/2019;136,75
03/14/2019;132,45
03/13/2019;131,97
03/12/2019;133,80
03/11/2019;132,99
03/10/2019;135,72
03/09/2019;137,52
03/08/2019;133,85
03/07/2019;136,93
03/06/2019;137,62
03/05/2019;136,82
03/04/2019;125,97
03/03/2019;131,01
03/02/2019;132,76
03/01/2019;135,72
02/28/2019;135,47
02/27/2019;135,20
02/26/2019;136,67
02/25/2019;138,27
02/24/2019;132,93
02/23/2019;158,30
02/22/2019;147,97
02/21/2019;145,78
02/20/2019;149,11
02/19/2019;144,01
02/18/2019;145,80
02/17/2019;133,79
02/16/2019;122,87
02/15/2019;121,73
02/14/2019;120,97
02/13/2019;122,22
02/12/2019;122,64
02/11/2019;121,30
02/10/2019;124,92
02/09/2019;119,44
02/08/2019;119,23
02/07/2019;104,55
02/06/2019;104,63
02/05/2019;107,37
02/04/2019;107,90
02/03/2019;107,62
02/02/2019;110,68
02/01/2019;106,98
01/31/2019;106,71
01/30/2019;108,52
01/29/2019;104,79
01/28/2019;105,82
01/27/2019;112,50
01/26/2019;115,83
01/25/2019;115,50
01/24/2019;116,71
01/23/2019;116,84
01/22/2019;118,23
01/21/2019;116,05
01/20/2019;117,52
01/19/2019;123,02
01/18/2019;119,34
01/17/2019;122,03
01/16/2019;121,72
01/15/2019;119,62
01/14/2019;127,53
01/13/2019;114,64
01/12/2019;123,75
01/11/2019;125,15
01/10/2019;125,63
01/09/2019;148,79
01/08/2019;148,41
01/07/2019;149,96
01/06/2019;154,96
01/05/2019;153,49
01/04/2019;152,86
01/03/2019;146,94
01/02/2019;152,95
01/01/2019;139,61
12/31/2018;131,90
12/30/2018;138,45
12/29/2018;133,67
12/28/2018;136,61
12/27/2018;114,56
12/26/2018;130,06
12/25/2018;128,39
12/24/2018;139,23
12/23/2018;129,60
12/22/2018;115,84
12/21/2018;108,18
12/20/2018;114,61
12/19/2018;99,37
12/18/2018;100,66
12/17/2018;94,37
12/16/2018;84,72
12/15/2018;83,90
12/14/2018;83,81
12/13/2018;86,31
12/12/2018;89,62
12/11/2018;88,32
12/10/2018;90,17
12/09/2018;93,62
12/08/2018;90,57
12/07/2018;93,27
12/06/2018;90,86
12/05/2018;102,33
12/04/2018;110,09
12/03/2018;108,66
12/02/2018;116,41
12/01/2018;118,23
11/30/2018;113,77
11/29/2018;117,85
11/28/2018;122,74
11/27/2018;111,18
11/26/2018;110,08
11/25/2018;118,04
11/24/2018;114,43
11/23/2018;124,64
11/22/2018;126,12
11/21/2018;137,72
11/20/2018;132,92
11/19/2018;150,12
11/18/2018;178,65
11/17/2018;176,53
11/16/2018;177,01
11/15/2018;184,10
11/14/2018;187,46
11/13/2018;210,44
11/12/2018;212,79
11/11/2018;213,18
11/10/2018;213,21
11/09/2018;211,39
11/08/2018;212,87
11/07/2018;218,80
11/06/2018;220,22
11/05/2018;210,67
11/04/2018;211,86
11/03/2018;200,23
11/02/2018;202,66
11/01/2018;198,17
10/31/2018;198,59
10/30/2018;197,39
10/29/2018;197,05
10/28/2018;204,99
10/27/2018;204,36
10/26/2018;204,58
10/25/2018;204,11
10/24/2018;205,12
10/23/2018;205,68
10/22/2018;206,77
10/21/2018;207,37
10/20/2018;208,04
10/19/2018;204,97
10/18/2018;206,58
10/17/2018;213,46
10/16/2018;215,06
10/15/2018;214,26
10/14/2018;197,08
10/13/2018;201,22
10/12/2018;196,70
10/11/2018;190,89
10/10/2018;226,30
10/09/2018;228,25
10/08/2018;229,84
10/07/2018;226,11
10/06/2018;225,18
10/05/2018;228,34
10/04/2018;222,57
10/03/2018;220,51
10/02/2018;225,84
10/01/2018;231,77
09/30/2018;232,80
09/29/2018;231,87
09/28/2018;221,77
09/27/2018;229,15
09/26/2018;214,35
09/25/2018;219,04
09/24/2018;228,01
09/23/2018;244,67
09/22/2018;240,82
09/21/2018;247,92
09/20/2018;224,42
09/19/2018;209,74
09/18/2018;209,03
09/17/2018;196,24
09/16/2018;220,20
09/15/2018;221,94
09/14/2018;209,98
09/13/2018;211,00
09/12/2018;182,98
09/11/2018;185,07
09/10/2018;197,04
09/09/2018;195,80
09/08/2018;196,79
09/07/2018;215,60
09/06/2018;229,60
09/05/2018;228,77
09/04/2018;285,17
09/03/2018;288,92
09/02/2018;295,05
09/01/2018;295,31
08/31/2018;281,94
08/30/2018;283,97
08/29/2018;288,42
08/28/2018;295,62
08/27/2018;286,57
08/26/2018;274,46
08/25/2018;277,61
08/24/2018;281,29
08/23/2018;276,12
08/22/2018;269,84
08/21/2018;280,90
08/20/2018;271,08
08/19/2018;299,33
08/18/2018;293,89
08/17/2018;316,90
08/16/2018;286,76
08/15/2018;281,12
08/14/2018;278,19
08/13/2018;284,01
08/12/2018;318,18
08/11/2018;317,59
08/10/2018;331,81
08/09/2018;363,34
08/08/2018;355,44
08/07/2018;378,25
08/06/2018;405,40
08/05/2018;408,85
08/04/2018;407,09
08/03/2018;417,58
08/02/2018;411,00
08/01/2018;420,30
07/31/2018;431,50
07/30/2018;456,64
07/29/2018;466,41
07/28/2018;468,78
07/27/2018;470,23
07/26/2018;462,75
07/25/2018;472,03
07/24/2018;479,88
07/23/2018;450,56
07/22/2018;459,02
07/21/2018;461,52
07/20/2018;449,38
07/19/2018;469,47
07/18/2018;480,00
07/17/2018;499,87
07/16/2018;479,79
07/15/2018;450,81
07/14/2018;434,09
07/13/2018;432,85
07/12/2018;430,84
07/11/2018;445,99
07/10/2018;432,67
07/09/2018;471,52
07/08/2018;486,45
07/07/2018;485,40
07/06/2018;469,90
07/05/2018;468,47
07/04/2018;467,52
07/03/2018;461,89
07/02/2018;475,70
07/01/2018;452,57
06/30/2018;452,67
06/29/2018;435,37
06/28/2018;421,27
06/27/2018;442,16
06/26/2018;430,33
06/25/2018;458,76
06/24/2018;454,81
06/23/2018;474,14
06/22/2018;462,57
06/21/2018;526,01
06/20/2018;536,31
06/19/2018;538,22
06/18/2018;517,91
06/17/2018;496,43
06/16/2018;496,93
06/15/2018;487,88
06/14/2018;519,49
06/13/2018;476,17
06/12/2018;494,48
06/11/2018;531,42
06/10/2018;524,64
06/09/2018;593,80
06/08/2018;599,67
06/07/2018;604,71
06/06/2018;606,39
06/05/2018;608,83
06/04/2018;591,44
06/03/2018;619,08
06/02/2018;591,30
06/01/2018;579,30
05/31/2018;577,87
05/30/2018;557,98
05/29/2018;566,81
05/28/2018;512,29
05/27/2018;570,69
05/26/2018;586,76
05/25/2018;585,39
05/24/2018;602,43
05/23/2018;577,55
05/22/2018;642,17
05/21/2018;696,85
05/20/2018;716,02
05/19/2018;696,76
05/18/2018;693,28
05/17/2018;668,97
05/16/2018;706,53
05/15/2018;705,73
05/14/2018;727,06
05/13/2018;729,37
05/12/2018;683,94
05/11/2018;676,21
05/10/2018;724,40
05/09/2018;751,62
05/08/2018;748,48
05/07/2018;754,03
05/06/2018;793,19
05/05/2018;818,33
05/04/2018;785,20
05/03/2018;778,95
05/02/2018;688,15
05/01/2018;671,26
04/30/2018;670,07
04/29/2018;689,90
04/28/2018;683,49
04/27/2018;643,97
04/26/2018;662,36
04/25/2018;617,36
04/24/2018;703,02
04/23/2018;644,13
04/22/2018;622,23
04/21/2018;605,59
04/20/2018;617,04
04/19/2018;567,49
04/18/2018;525,66
04/17/2018;503,19
04/16/2018;511,82
04/15/2018;533,90
04/14/2018;502,52
04/13/2018;493,48
04/12/2018;494,03
04/11/2018;430,14
04/10/2018;415,45
04/09/2018;399,05
04/08/2018;400,71
04/07/2018;384,87
04/06/2018;369,97
04/05/2018;381,52
04/04/2018;378,68
04/03/2018;415,55
04/02/2018;385,07
04/01/2018;378,75
03/31/2018;393,96
03/30/2018;393,79
03/29/2018;384,12
03/28/2018;446,84
03/27/2018;448,48
03/26/2018;485,98
03/25/2018;523,50
03/24/2018;520,45
03/23/2018;543,42
03/22/2018;539,87
03/21/2018;560,24
03/20/2018;557,08
03/19/2018;556,16
03/18/2018;536,72
03/17/2018;550,27
03/16/2018;600,79
03/15/2018;610,13
03/14/2018;612,09
03/13/2018;689,57
03/12/2018;697,04
03/11/2018;720,12
03/10/2018;682,52
03/09/2018;725,89
03/08/2018;698,96
03/07/2018;749,98
03/06/2018;814,88
03/05/2018;850,24
03/04/2018;865,53
03/03/2018;855,91
03/02/2018;856,09
03/01/2018;870,04
02/28/2018;852,49
02/27/2018;871,44
02/26/2018;866,99
02/25/2018;840,88
02/24/2018;834,36
02/23/2018;856,65
02/22/2018;803,66
02/21/2018;839,10
02/20/2018;884,51
02/19/2018;940,08
02/18/2018;913,10
02/17/2018;971,54
02/16/2018;937,50
02/15/2018;927,56
02/14/2018;919,67
02/13/2018;841,38
02/12/2018;865,62
02/11/2018;810,45
02/10/2018;851,39
02/09/2018;877,85
02/08/2018;805,40
02/07/2018;753,18
02/06/2018;783,83
02/05/2018;696,86
02/04/2018;829,43
02/03/2018;971,49
02/02/2018;920,85
02/01/2018;1.033,55
01/31/2018;1.118,08
01/30/2018;1.071,90
01/29/2018;1.175,00
01/28/2018;1.246,60
01/27/2018;1.114,80
01/26/2018;1.047,00
01/25/2018;1.048,20
01/24/2018;1.063,20
01/23/2018;982,98
01/22/2018;995,08
01/21/2018;1.047,00
01/20/2018;1.146,00
01/19/2018;1.032,60
01/18/2018;994,81
01/17/2018;1.017,50
01/16/2018;1.020,10
01/15/2018;1.273,40
01/14/2018;1.350,00
01/13/2018;1.380,00
01/12/2018;1.257,20
01/11/2018;1.135,50
01/10/2018;1.248,00
01/09/2018;1.283,70
01/08/2018;1.129,30
01/07/2018;1.115,80
01/06/2018;1.004,30
01/05/2018;962,77
01/04/2018;940,00
01/03/2018;942,01
01/02/2018;858,78
01/01/2018;752,46
12/31/2017;736,77
12/30/2017;682,22
12/29/2017;731,52
12/28/2017;711,42
12/27/2017;736,45
12/26/2017;749,80
12/25/2017;709,81
12/24/2017;659,89
12/23/2017;672,59
12/22/2017;628,19
12/21/2017;786,97
12/20/2017;794,99
12/19/2017;799,98
12/18/2017;783,99
12/17/2017;708,78
12/16/2017;683,25
12/15/2017;678,29
12/14/2017;686,51
12/13/2017;690,69
12/12/2017;634,87
12/11/2017;515,25
12/10/2017;429,24
12/09/2017;460,92
12/08/2017;442,19
12/07/2017;415,02
12/06/2017;413,71
12/05/2017;451,87
12/04/2017;465,00
12/03/2017;459,49
12/02/2017;455,51
12/01/2017;460,67
11/30/2017;432,21
11/29/2017;420,34
11/28/2017;465,56
11/27/2017;473,44
11/26/2017;464,00
11/25/2017;464,00
11/24/2017;470,51
11/23/2017;405,19
11/22/2017;380,48
11/21/2017;360,00
11/20/2017;367,94
11/19/2017;354,70
11/18/2017;346,68
11/17/2017;331,00
11/16/2017;330,76
11/15/2017;330,59
11/14/2017;334,28
11/13/2017;313,22
11/12/2017;303,90
11/11/2017;313,07
11/10/2017;296,18
11/09/2017;319,52
11/08/2017;307,50
11/07/2017;291,42
11/06/2017;296,90
11/05/2017;295,63
11/04/2017;299,48
11/03/2017;303,47
11/02/2017;284,89
11/01/2017;288,60
10/31/2017;303,69
10/30/2017;307,00
10/29/2017;304,39
10/28/2017;293,49
10/27/2017;295,99
10/26/2017;295,10
10/25/2017;295,46
10/24/2017;296,30
10/23/2017;284,85
10/22/2017;293,55
10/21/2017;299,23
10/20/2017;302,61
10/19/2017;306,97
10/18/2017;313,45
10/17/2017;315,65
10/16/2017;334,46
10/15/2017;337,23
10/14/2017;339,24
10/13/2017;337,46
10/12/2017;303,06
10/11/2017;303,20
10/10/2017;299,32
10/09/2017;297,40
10/08/2017;309,82
10/07/2017;311,46
10/06/2017;308,43
10/05/2017;295,12
10/04/2017;291,40
10/03/2017;291,69
10/02/2017;296,82
10/01/2017;304,26
09/30/2017;303,44
09/29/2017;292,66
09/28/2017;302,63
09/27/2017;309,75
09/26/2017;289,28
09/25/2017;295,20
09/24/2017;282,00
09/23/2017;285,90
09/22/2017;262,19
09/21/2017;256,67
09/20/2017;283,50
09/19/2017;282,63
09/18/2017;296,81
09/17/2017;257,00
09/16/2017;253,00
09/15/2017;258,68
09/14/2017;222,50
09/13/2017;275,48
09/12/2017;293,90
09/11/2017;297,19
09/10/2017;297,90
09/09/2017;303,08
09/08/2017;304,00
09/07/2017;334,10
09/06/2017;337,36
09/05/2017;316,18
09/04/2017;295,81
09/03/2017;350,63
09/02/2017;345,00
09/01/2017;390,35
08/31/2017;387,30
08/30/2017;382,78
08/29/2017;372,00
08/28/2017;347,09
08/27/2017;348,01
08/26/2017;332,72
08/25/2017;328,70
08/24/2017;325,62
08/23/2017;316,50
08/22/2017;312,54
08/21/2017;322,24
08/20/2017;298,37
08/19/2017;292,78
08/18/2017;292,00
08/17/2017;299,00
08/16/2017;301,34
08/15/2017;286,00
08/14/2017;298,22
08/13/2017;296,64
08/12/2017;307,22
08/11/2017;308,81
08/10/2017;295,97
08/09/2017;293,99
08/08/2017;295,83
08/07/2017;269,51
08/06/2017;264,29
08/05/2017;253,87
08/04/2017;220,73
08/03/2017;224,79
08/02/2017;218,00
08/01/2017;225,97
07/31/2017;200,81
07/30/2017;195,31
07/29/2017;206,76
07/28/2017;191,20
07/27/2017;202,54
07/26/2017;203,33
07/25/2017;202,70
07/24/2017;226,59
07/23/2017;228,15
07/22/2017;232,01
07/21/2017;216,11
07/20/2017;227,29
07/19/2017;194,63
07/18/2017;226,56
07/17/2017;190,16
07/16/2017;157,40
07/15/2017;170,15
07/14/2017;196,49
07/13/2017;205,00
07/12/2017;223,92
07/11/2017;188,63
07/10/2017;202,00
07/09/2017;234,97
07/08/2017;245,23
07/07/2017;238,38
07/06/2017;265,35
07/05/2017;264,77
07/04/2017;266,68
07/03/2017;273,99
07/02/2017;277,64
07/01/2017;255,00
06/30/2017;275,62
06/29/2017;285,30
06/28/2017;311,62
06/27/2017;279,00
06/26/2017;251,30
06/25/2017;277,00
06/24/2017;296,89
06/23/2017;324,37
06/22/2017;320,94
06/21/2017;321,66
06/20/2017;344,15
06/19/2017;355,50
06/18/2017;348,88
06/17/2017;364,56
06/16/2017;348,44
06/15/2017;338,70
06/14/2017;335,95
06/13/2017;382,70
06/12/2017;386,90
06/11/2017;336,33
06/10/2017;325,88
06/09/2017;278,41
06/08/2017;256,95
06/07/2017;250,70
06/06/2017;261,89
06/05/2017;242,16
06/04/2017;241,06
06/03/2017;217,01
06/02/2017;214,77
06/01/2017;211,40
05/31/2017;218,34
05/30/2017;224,69
05/29/2017;189,99
05/28/2017;161,91
05/27/2017;149,99
05/26/2017;152,80
05/25/2017;168,71
05/24/2017;183,88
05/23/2017;168,24
05/22/2017;154,92
05/21/2017;146,14
05/20/2017;123,03
05/19/2017;124,40
05/18/2017;98,60
05/17/2017;89,67
05/16/2017;88,17
05/15/2017;92,56
05/14/2017;90,37
05/13/2017;89,90
05/12/2017;86,99
05/11/2017;89,38
05/10/2017;88,33
05/09/2017;88,94
05/08/2017;88,97
05/07/2017;94,21
05/06/2017;96,65
05/05/2017;91,50
05/04/2017;99,20
05/03/2017;85,79
05/02/2017;82,01
05/01/2017;81,40
04/30/2017;83,51
04/29/2017;73,55
04/28/2017;76,00
04/27/2017;68,00
04/26/2017;57,31
04/25/2017;53,90
04/24/2017;53,54
04/23/2017;53,33
04/22/2017;52,15
04/21/2017;51,37
04/20/2017;51,96
04/19/2017;49,66
04/18/2017;52,42
04/17/2017;49,52
04/16/2017;49,58
04/15/2017;49,71
04/14/2017;48,50
04/13/2017;50,65
04/12/2017;46,85
04/11/2017;44,21
04/10/2017;44,17
04/09/2017;43,94
04/08/2017;44,51
04/07/2017;42,25
04/06/2017;43,11
04/05/2017;45,35
04/04/2017;44,41
04/03/2017;44,28
04/02/2017;48,60
04/01/2017;50,59
03/31/2017;49,72
03/30/2017;51,62
03/29/2017;52,88
03/28/2017;50,16
03/27/2017;48,93
03/26/2017;50,46
03/25/2017;50,75
03/24/2017;54,01
03/23/2017;43,14
03/22/2017;41,46
03/21/2017;42,45
03/20/2017;42,06
03/19/2017;43,17
03/18/2017;34,20
03/17/2017;44,65
03/16/2017;45,07
03/15/2017;34,80
03/14/2017;28,66
03/13/2017;28,40
03/12/2017;23,20
03/11/2017;21,30
03/10/2017;19,18
03/09/2017;17,75
03/08/2017;16,51
03/07/2017;18,88
03/06/2017;19,51
03/05/2017;19,35
03/04/2017;18,50
03/03/2017;19,49
03/02/2017;19,02
03/01/2017;17,43
02/28/2017;15,86
02/27/2017;15,50
02/26/2017;14,57
02/25/2017;13,55
02/24/2017;13,11
02/23/2017;13,27
02/22/2017;12,68
02/21/2017;12,82
02/20/2017;12,40
02/19/2017;12,80
02/18/2017;12,79
02/17/2017;12,76
02/16/2017;12,92
02/15/2017;12,92
02/14/2017;12,96
02/13/2017;11,35
02/12/2017;11,26
02/11/2017;11,33
02/10/2017;11,30
02/09/2017;10,90
02/08/2017;11,35
02/07/2017;11,41
02/06/2017;11,32
02/05/2017;11,18
02/04/2017;11,32
02/03/2017;10,93
02/02/2017;10,80
02/01/2017;10,71
01/31/2017;10,71
01/30/2017;10,53
01/29/2017;10,46
01/28/2017;10,51
01/27/2017;10,50
01/26/2017;10,63
01/25/2017;10,48
01/24/2017;10,50
01/23/2017;10,77
01/22/2017;10,64
01/21/2017;10,95
01/20/2017;10,62
01/19/2017;10,38
01/18/2017;10,19
01/17/2017;10,12
01/16/2017;9,61
01/15/2017;9,81
01/14/2017;9,67
01/13/2017;9,67
01/12/2017;9,83
01/11/2017;9,79
01/10/2017;10,61
01/09/2017;10,26
01/08/2017;10,28
01/07/2017;9,84
01/06/2017;10,08
01/05/2017;10,15
01/04/2017;11,00
01/03/2017;9,74
01/02/2017;8,37
01/01/2017;8,20
12/31/2016;8,00
12/30/2016;8,16
12/29/2016;8,27
12/28/2016;7,58
12/27/2016;7,12
12/26/2016;7,27
12/25/2016;7,23
12/24/2016;7,25
12/23/2016;7,16
12/22/2016;7,61
12/21/2016;7,89
12/20/2016;7,61
12/19/2016;7,58
12/18/2016;7,93
12/17/2016;7,73
12/16/2016;7,86
12/15/2016;7,83
12/14/2016;8,21
12/13/2016;8,36
12/12/2016;8,45
12/11/2016;8,19
12/10/2016;8,12
12/09/2016;8,52
12/08/2016;8,30
12/07/2016;8,33
12/06/2016;7,71
12/05/2016;6,70
12/04/2016;7,55
12/03/2016;7,91
12/02/2016;7,70
12/01/2016;8,46
11/30/2016;8,62
11/29/2016;8,16
11/28/2016;8,70
11/27/2016;8,88
11/26/2016;9,33
11/25/2016;9,38
11/24/2016;9,20
11/23/2016;9,69
11/22/2016;9,84
11/21/2016;9,61
11/20/2016;9,57
11/19/2016;9,73
11/18/2016;9,52
11/17/2016;9,99
11/16/2016;10,02
11/15/2016;10,27
11/14/2016;10,00
11/13/2016;10,08
11/12/2016;10,01
11/11/2016;10,27
11/10/2016;10,54
11/09/2016;10,72
11/08/2016;10,92
11/07/2016;10,88
11/06/2016;10,91
11/05/2016;11,17
11/04/2016;11,21
11/03/2016;10,86
11/02/2016;10,86
11/01/2016;10,81
10/31/2016;10,96
10/30/2016;11,28
10/29/2016;10,38
10/28/2016;11,15
10/27/2016;11,57
10/26/2016;11,50
10/25/2016;11,36
10/24/2016;11,99
10/23/2016;12,07
10/22/2016;12,29
10/21/2016;12,16
10/20/2016;12,09
10/19/2016;11,99
10/18/2016;12,54
10/17/2016;12,00
10/16/2016;11,98
10/15/2016;12,01
10/14/2016;11,93
10/13/2016;12,07
10/12/2016;11,72
10/11/2016;11,78
10/10/2016;11,73
10/09/2016;12,01
10/08/2016;12,26
10/07/2016;12,69
10/06/2016;12,84
10/05/2016;13,11
10/04/2016;13,33
10/03/2016;13,44
10/02/2016;13,16
10/01/2016;13,18
09/30/2016;13,30
09/29/2016;13,10
09/28/2016;13,25
09/27/2016;13,08
09/26/2016;12,90
09/25/2016;13,05
09/24/2016;12,86
09/23/2016;13,36
09/22/2016;13,17
09/21/2016;13,74
09/20/2016;14,45
09/19/2016;12,90
09/18/2016;12,32
09/17/2016;12,80
09/16/2016;12,68
09/15/2016;12,01
09/14/2016;11,94
09/13/2016;12,01
09/12/2016;12,00
09/11/2016;11,68
09/10/2016;12,13
09/09/2016;11,68
09/08/2016;11,45
09/07/2016;11,64
09/06/2016;11,73
09/05/2016;11,85
09/04/2016;11,73
09/03/2016;12,01
09/02/2016;12,13
09/01/2016;12,22
08/31/2016;11,63
08/30/2016;11,29
08/29/2016;10,93
08/28/2016;10,94
08/27/2016;11,20
08/26/2016;11,22
08/25/2016;11,39
08/24/2016;10,98
08/23/2016;10,99
08/22/2016;11,14
08/21/2016;11,13
08/20/2016;11,26
08/19/2016;10,68
08/18/2016;10,69
08/17/2016;10,72
08/16/2016;11,07
08/15/2016;11,09
08/14/2016;11,16
08/13/2016;11,48
08/12/2016;11,67
08/11/2016;11,64
08/10/2016;12,07
08/09/2016;10,16
08/08/2016;10,16
08/07/2016;10,16
08/06/2016;10,16
08/05/2016;10,16
08/04/2016;10,16
08/03/2016;10,16
08/02/2016;10,16
08/01/2016;11,08
07/31/2016;11,86
07/30/2016;12,52
07/29/2016;12,90
07/28/2016;12,87
07/27/2016;13,03
07/26/2016;12,01
07/25/2016;13,80
07/24/2016;12,65
07/23/2016;14,25
07/22/2016;14,67
07/21/2016;12,55
07/20/2016;12,48
07/19/2016;11,75
07/18/2016;11,04
07/17/2016;11,24
07/16/2016;11,72
07/15/2016;11,93
07/14/2016;11,60
07/13/2016;10,47
07/12/2016;10,55
07/11/2016;10,51
07/10/2016;10,95
07/09/2016;10,90
07/08/2016;11,31
07/07/2016;10,14
07/06/2016;10,55
07/05/2016;10,53
07/04/2016;11,42
07/03/2016;11,78
07/02/2016;12,14
07/01/2016;12,35
06/30/2016;12,50
06/29/2016;12,77
06/28/2016;12,22
06/27/2016;13,96
06/26/2016;13,75
06/25/2016;14,31
06/24/2016;14,29
06/23/2016;13,75
06/22/2016;13,25
06/21/2016;12,94
06/20/2016;11,90
06/19/2016;12,43
06/18/2016;11,41
06/17/2016;15,61
06/16/2016;20,70
06/15/2016;18,45
06/14/2016;18,73
06/13/2016;17,73
06/12/2016;15,80
06/11/2016;14,15
06/10/2016;13,97
06/09/2016;14,45
06/08/2016;14,49
06/07/2016;14,50
06/06/2016;14,03
06/05/2016;13,95
06/04/2016;13,81
06/03/2016;13,84
06/02/2016;13,80
06/01/2016;13,85
05/31/2016;14,01
05/30/2016;12,72
05/29/2016;12,41
05/28/2016;11,98
05/27/2016;11,12
05/26/2016;12,48
05/25/2016;12,49
05/24/2016;12,73
05/23/2016;13,42
05/22/2016;14,21
05/21/2016;14,00
05/20/2016;13,79
05/19/2016;14,58
05/18/2016;13,35
05/17/2016;12,08
05/16/2016;11,09
05/15/2016;9,97
05/14/2016;10,16
05/13/2016;10,60
05/12/2016;10,04
05/11/2016;9,89
05/10/2016;9,38
05/09/2016;9,32
05/08/2016;9,50
05/07/2016;9,35
05/06/2016;9,35
05/05/2016;9,79
05/04/2016;9,46
05/03/2016;9,34
05/02/2016;10,00
05/01/2016;8,75
04/30/2016;8,87
04/29/2016;7,52
04/28/2016;7,33
04/27/2016;7,80
04/26/2016;7,50
04/25/2016;7,54
04/24/2016;8,10
04/23/2016;8,46
04/22/2016;7,97
04/21/2016;8,11
04/20/2016;8,61
04/19/2016;8,71
04/18/2016;8,97
04/17/2016;9,46
04/16/2016;8,54
04/15/2016;8,32
04/14/2016;8,46
04/13/2016;8,09
04/12/2016;7,53
04/11/2016;8,68
04/10/2016;8,76
04/09/2016;9,15
04/08/2016;9,71
04/07/2016;10,12
04/06/2016;10,76
04/05/2016;10,40
04/04/2016;11,15
04/03/2016;11,75
04/02/2016;11,61
04/01/2016;11,62
03/31/2016;11,41
03/30/2016;11,85
03/29/2016;11,79
03/28/2016;11,62
03/27/2016;10,40
03/26/2016;11,00
03/25/2016;10,67
03/24/2016;11,20
03/23/2016;12,43
03/22/2016;11,37
03/21/2016;11,95
03/20/2016;10,18
03/19/2016;10,31
03/18/2016;10,74
03/17/2016;10,74
03/16/2016;12,88
03/15/2016;13,06
03/14/2016;12,50
03/13/2016;15,07
03/12/2016;12,92
03/11/2016;11,95
03/10/2016;11,75